name,base_total,generation,type1,type2,is_starter,is_legendary,is_pseudo_legendary,is_fossil,against_normal,against_fighting,against_flying,against_poison,against_ground,against_rock,against_bug,against_ghost,against_steel,against_fire,against_water,against_grass,against_electric,against_psychic,against_ice,against_dragon,against_dark
bulbasaur,318,1,grass,poison,0,0,0,0,1.0,0.5,2.0,1.0,1.0,1.0,1.0,1.0,1.0,2.0,0.5,0.25,0.5,2.0,2.0,1.0,1.0
ivysaur,405,1,grass,poison,0,0,0,0,1.0,0.5,2.0,1.0,1.0,1.0,1.0,1.0,1.0,2.0,0.5,0.25,0.5,2.0,2.0,1.0,1.0
venusaur,525,1,grass,poison,1,0,0,0,1.0,0.5,2.0,1.0,1.0,1.0,1.0,1.0,1.0,2.0,0.5,0.25,0.5,2.0,2.0,1.0,1.0
charmander,309,1,fire,,0,0,0,0,1.0,1.0,1.0,1.0,2.0,2.0,0.5,1.0,0.5,0.5,2.0,0.5,1.0,1.0,0.5,1.0,1.0
charmeleon,405,1,fire,,0,0,0,0,1.0,1.0,1.0,1.0,2.0,2.0,0.5,1.0,0.5,0.5,2.0,0.5,1.0,1.0,0.5,1.0,1.0
charizard,534,1,fire,flying,1,0,0,0,1.0,0.5,1.0,1.0,0.0,4.0,0.25,1.0,0.5,0.5,2.0,0.25,2.0,1.0,1.0,1.0,1.0
squirtle,314,1,water,,0,0,0,0,1.0,1.0,1.0,1.0,1.0,1.0,1.0,1.0,0.5,0.5,0.5,2.0,2.0,1.0,0.5,1.0,1.0
wartortle,405,1,water,,0,0,0,0,1.0,1.0,1.0,1.0,1.0,1.0,1.0,1.0,0.5,0.5,0.5,2.0,2.0,1.0,0.5,1.0,1.0
blastoise,530,1,water,,1,0,0,0,1.0,1.0,1.0,1.0,1.0,1.0,1.0,1.0,0.5,0.5,0.5,2.0,2.0,1.0,0.5,1.0,1.0
caterpie,195,1,bug,,0,0,0,0,1.0,0.5,2.0,1.0,0.5,2.0,1.0,1.0,1.0,2.0,1.0,0.5,1.0,1.0,1.0,1.0,1.0
metapod,205,1,bug,,0,0,0,0,1.0,0.5,2.0,1.0,0.5,2.0,1.0,1.0,1.0,2.0,1.0,0.5,1.0,1.0,1.0,1.0,1.0
butterfree,395,1,bug,flying,0,0,0,0,1.0,0.25,2.0,1.0,0.0,4.0,0.5,1.0,1.0,2.0,1.0,0.25,2.0,1.0,2.0,1.0,1.0
weedle,195,1,bug,poison,0,0,0,0,1.0,0.25,2.0,0.5,1.0,2.0,0.5,1.0,1.0,2.0,1.0,0.25,1.0,2.0,1.0,1.0,1.0
kakuna,205,1,bug,poison,0,0,0,0,1.0,0.25,2.0,0.5,1.0,2.0,0.5,1.0,1.0,2.0,1.0,0.25,1.0,2.0,1.0,1.0,1.0
beedrill,395,1,bug,poison,0,0,0,0,1.0,0.25,2.0,0.5,1.0,2.0,0.5,1.0,1.0,2.0,1.0,0.25,1.0,2.0,1.0,1.0,1.0
pidgey,251,1,normal,flying,0,0,0,0,1.0,1.0,1.0,1.0,0.0,2.0,0.5,0.0,1.0,1.0,1.0,0.5,2.0,1.0,2.0,1.0,1.0
pidgeotto,349,1,normal,flying,0,0,0,0,1.0,1.0,1.0,1.0,0.0,2.0,0.5,0.0,1.0,1.0,1.0,0.5,2.0,1.0,2.0,1.0,1.0
pidgeot,479,1,normal,flying,0,0,0,0,1.0,1.0,1.0,1.0,0.0,2.0,0.5,0.0,1.0,1.0,1.0,0.5,2.0,1.0,2.0,1.0,1.0
rattata,253,1,normal,,0,0,0,0,1.0,2.0,1.0,1.0,1.0,1.0,1.0,0.0,1.0,1.0,1.0,1.0,1.0,1.0,1.0,1.0,1.0
raticate,413,1,normal,,0,0,0,0,1.0,2.0,1.0,1.0,1.0,1.0,1.0,0.0,1.0,1.0,1.0,1.0,1.0,1.0,1.0,1.0,1.0
spearow,262,1,normal,flying,0,0,0,0,1.0,1.0,1.0,1.0,0.0,2.0,0.5,0.0,1.0,1.0,1.0,0.5,2.0,1.0,2.0,1.0,1.0
fearow,442,1,normal,flying,0,0,0,0,1.0,1.0,1.0,1.0,0.0,2.0,0.5,0.0,1.0,1.0,1.0,0.5,2.0,1.0,2.0,1.0,1.0
ekans,288,1,poison,,0,0,0,0,1.0,0.5,1.0,0.5,2.0,1.0,0.5,1.0,1.0,1.0,1.0,0.5,1.0,2.0,1.0,1.0,1.0
arbok,448,1,poison,,0,0,0,0,1.0,0.5,1.0,0.5,2.0,1.0,0.5,1.0,1.0,1.0,1.0,0.5,1.0,2.0,1.0,1.0,1.0
pikachu,320,1,electric,,0,0,0,0,1.0,1.0,0.5,1.0,2.0,1.0,1.0,1.0,0.5,1.0,1.0,1.0,0.5,1.0,1.0,1.0,1.0
raichu,485,1,electric,,0,0,0,0,1.0,1.0,0.5,1.0,2.0,1.0,1.0,1.0,0.5,1.0,1.0,1.0,0.5,1.0,1.0,1.0,1.0
sandshrew,300,1,ground,,0,0,0,0,1.0,1.0,1.0,0.5,1.0,0.5,1.0,1.0,1.0,1.0,2.0,2.0,0.0,1.0,2.0,1.0,1.0
sandslash,450,1,ground,,0,0,0,0,1.0,1.0,1.0,0.5,1.0,0.5,1.0,1.0,1.0,1.0,2.0,2.0,0.0,1.0,2.0,1.0,1.0
nidoran♀,275,1,poison,,0,0,0,0,1.0,0.5,1.0,0.5,2.0,1.0,0.5,1.0,1.0,1.0,1.0,0.5,1.0,2.0,1.0,1.0,1.0
nidorina,365,1,poison,,0,0,0,0,1.0,0.5,1.0,0.5,2.0,1.0,0.5,1.0,1.0,1.0,1.0,0.5,1.0,2.0,1.0,1.0,1.0
nidoqueen,505,1,poison,ground,0,0,0,0,1.0,0.5,1.0,0.25,2.0,0.5,0.5,1.0,1.0,1.0,2.0,1.0,0.0,2.0,2.0,1.0,1.0
nidoran♂,273,1,poison,,0,0,0,0,1.0,0.5,1.0,0.5,2.0,1.0,0.5,1.0,1.0,1.0,1.0,0.5,1.0,2.0,1.0,1.0,1.0
nidorino,365,1,poison,,0,0,0,0,1.0,0.5,1.0,0.5,2.0,1.0,0.5,1.0,1.0,1.0,1.0,0.5,1.0,2.0,1.0,1.0,1.0
nidoking,505,1,poison,ground,0,0,0,0,1.0,0.5,1.0,0.25,2.0,0.5,0.5,1.0,1.0,1.0,2.0,1.0,0.0,2.0,2.0,1.0,1.0
clefairy,323,1,normal,,0,0,0,0,1.0,2.0,1.0,1.0,1.0,1.0,1.0,0.0,1.0,1.0,1.0,1.0,1.0,1.0,1.0,1.0,1.0
clefable,483,1,normal,,0,0,0,0,1.0,2.0,1.0,1.0,1.0,1.0,1.0,0.0,1.0,1.0,1.0,1.0,1.0,1.0,1.0,1.0,1.0
vulpix,299,1,fire,,0,0,0,0,1.0,1.0,1.0,1.0,2.0,2.0,0.5,1.0,0.5,0.5,2.0,0.5,1.0,1.0,0.5,1.0,1.0
ninetales,505,1,fire,,0,0,0,0,1.0,1.0,1.0,1.0,2.0,2.0,0.5,1.0,0.5,0.5,2.0,0.5,1.0,1.0,0.5,1.0,1.0
jigglypuff,270,1,normal,,0,0,0,0,1.0,2.0,1.0,1.0,1.0,1.0,1.0,0.0,1.0,1.0,1.0,1.0,1.0,1.0,1.0,1.0,1.0
wigglytuff,435,1,normal,,0,0,0,0,1.0,2.0,1.0,1.0,1.0,1.0,1.0,0.0,1.0,1.0,1.0,1.0,1.0,1.0,1.0,1.0,1.0
zubat,245,1,poison,flying,0,0,0,0,1.0,0.25,1.0,0.5,0.0,2.0,0.25,1.0,1.0,1.0,1.0,0.25,2.0,2.0,2.0,1.0,1.0
golbat,455,1,poison,flying,0,0,0,0,1.0,0.25,1.0,0.5,0.0,2.0,0.25,1.0,1.0,1.0,1.0,0.25,2.0,2.0,2.0,1.0,1.0
oddish,320,1,grass,poison,0,0,0,0,1.0,0.5,2.0,1.0,1.0,1.0,1.0,1.0,1.0,2.0,0.5,0.25,0.5,2.0,2.0,1.0,1.0
gloom,395,1,grass,poison,0,0,0,0,1.0,0.5,2.0,1.0,1.0,1.0,1.0,1.0,1.0,2.0,0.5,0.25,0.5,2.0,2.0,1.0,1.0
vileplume,490,1,grass,poison,0,0,0,0,1.0,0.5,2.0,1.0,1.0,1.0,1.0,1.0,1.0,2.0,0.5,0.25,0.5,2.0,2.0,1.0,1.0
paras,285,1,bug,grass,0,0,0,0,1.0,0.5,4.0,2.0,0.25,2.0,2.0,1.0,1.0,4.0,0.5,0.25,0.5,1.0,2.0,1.0,1.0
parasect,405,1,bug,grass,0,0,0,0,1.0,0.5,4.0,2.0,0.25,2.0,2.0,1.0,1.0,4.0,0.5,0.25,0.5,1.0,2.0,1.0,1.0
venonat,305,1,bug,poison,0,0,0,0,1.0,0.25,2.0,0.5,1.0,2.0,0.5,1.0,1.0,2.0,1.0,0.25,1.0,2.0,1.0,1.0,1.0
venomoth,450,1,bug,poison,0,0,0,0,1.0,0.25,2.0,0.5,1.0,2.0,0.5,1.0,1.0,2.0,1.0,0.25,1.0,2.0,1.0,1.0,1.0
diglett,265,1,ground,,0,0,0,0,1.0,1.0,1.0,0.5,1.0,0.5,1.0,1.0,1.0,1.0,2.0,2.0,0.0,1.0,2.0,1.0,1.0
dugtrio,425,1,ground,,0,0,0,0,1.0,1.0,1.0,0.5,1.0,0.5,1.0,1.0,1.0,1.0,2.0,2.0,0.0,1.0,2.0,1.0,1.0
meowth,290,1,normal,,0,0,0,0,1.0,2.0,1.0,1.0,1.0,1.0,1.0,0.0,1.0,1.0,1.0,1.0,1.0,1.0,1.0,1.0,1.0
persian,440,1,normal,,0,0,0,0,1.0,2.0,1.0,1.0,1.0,1.0,1.0,0.0,1.0,1.0,1.0,1.0,1.0,1.0,1.0,1.0,1.0
psyduck,320,1,water,,0,0,0,0,1.0,1.0,1.0,1.0,1.0,1.0,1.0,1.0,0.5,0.5,0.5,2.0,2.0,1.0,0.5,1.0,1.0
golduck,500,1,water,,0,0,0,0,1.0,1.0,1.0,1.0,1.0,1.0,1.0,1.0,0.5,0.5,0.5,2.0,2.0,1.0,0.5,1.0,1.0
mankey,305,1,fighting,,0,0,0,0,1.0,1.0,2.0,1.0,1.0,0.5,0.5,1.0,1.0,1.0,1.0,1.0,1.0,2.0,1.0,1.0,0.5
primeape,455,1,fighting,,0,0,0,0,1.0,1.0,2.0,1.0,1.0,0.5,0.5,1.0,1.0,1.0,1.0,1.0,1.0,2.0,1.0,1.0,0.5
growlithe,350,1,fire,,0,0,0,0,1.0,1.0,1.0,1.0,2.0,2.0,0.5,1.0,0.5,0.5,2.0,0.5,1.0,1.0,0.5,1.0,1.0
arcanine,555,1,fire,,0,0,0,0,1.0,1.0,1.0,1.0,2.0,2.0,0.5,1.0,0.5,0.5,2.0,0.5,1.0,1.0,0.5,1.0,1.0
poliwag,300,1,water,,0,0,0,0,1.0,1.0,1.0,1.0,1.0,1.0,1.0,1.0,0.5,0.5,0.5,2.0,2.0,1.0,0.5,1.0,1.0
poliwhirl,385,1,water,,0,0,0,0,1.0,1.0,1.0,1.0,1.0,1.0,1.0,1.0,0.5,0.5,0.5,2.0,2.0,1.0,0.5,1.0,1.0
poliwrath,510,1,water,fighting,0,0,0,0,1.0,1.0,2.0,1.0,1.0,0.5,0.5,1.0,0.5,0.5,0.5,2.0,2.0,2.0,0.5,1.0,0.5
abra,310,1,psychic,,0,0,0,0,1.0,0.5,1.0,1.0,1.0,1.0,2.0,2.0,1.0,1.0,1.0,1.0,1.0,0.5,1.0,1.0,2.0
kadabra,400,1,psychic,,0,0,0,0,1.0,0.5,1.0,1.0,1.0,1.0,2.0,2.0,1.0,1.0,1.0,1.0,1.0,0.5,1.0,1.0,2.0
alakazam,500,1,psychic,,0,0,0,0,1.0,0.5,1.0,1.0,1.0,1.0,2.0,2.0,1.0,1.0,1.0,1.0,1.0,0.5,1.0,1.0,2.0
machop,305,1,fighting,,0,0,0,0,1.0,1.0,2.0,1.0,1.0,0.5,0.5,1.0,1.0,1.0,1.0,1.0,1.0,2.0,1.0,1.0,0.5
machoke,405,1,fighting,,0,0,0,0,1.0,1.0,2.0,1.0,1.0,0.5,0.5,1.0,1.0,1.0,1.0,1.0,1.0,2.0,1.0,1.0,0.5
machamp,505,1,fighting,,0,0,0,0,1.0,1.0,2.0,1.0,1.0,0.5,0.5,1.0,1.0,1.0,1.0,1.0,1.0,2.0,1.0,1.0,0.5
bellsprout,300,1,grass,poison,0,0,0,0,1.0,0.5,2.0,1.0,1.0,1.0,1.0,1.0,1.0,2.0,0.5,0.25,0.5,2.0,2.0,1.0,1.0
weepinbell,390,1,grass,poison,0,0,0,0,1.0,0.5,2.0,1.0,1.0,1.0,1.0,1.0,1.0,2.0,0.5,0.25,0.5,2.0,2.0,1.0,1.0
victreebel,490,1,grass,poison,0,0,0,0,1.0,0.5,2.0,1.0,1.0,1.0,1.0,1.0,1.0,2.0,0.5,0.25,0.5,2.0,2.0,1.0,1.0
tentacool,335,1,water,poison,0,0,0,0,1.0,0.5,1.0,0.5,2.0,1.0,0.5,1.0,0.5,0.5,0.5,1.0,2.0,2.0,0.5,1.0,1.0
tentacruel,515,1,water,poison,0,0,0,0,1.0,0.5,1.0,0.5,2.0,1.0,0.5,1.0,0.5,0.5,0.5,1.0,2.0,2.0,0.5,1.0,1.0
geodude,300,1,rock,ground,0,0,0,0,0.5,2.0,0.5,0.25,2.0,0.5,1.0,1.0,2.0,0.5,4.0,4.0,0.0,1.0,2.0,1.0,1.0
graveler,390,1,rock,ground,0,0,0,0,0.5,2.0,0.5,0.25,2.0,0.5,1.0,1.0,2.0,0.5,4.0,4.0,0.0,1.0,2.0,1.0,1.0
golem,495,1,rock,ground,0,0,0,0,0.5,2.0,0.5,0.25,2.0,0.5,1.0,1.0,2.0,0.5,4.0,4.0,0.0,1.0,2.0,1.0,1.0
ponyta,410,1,fire,,0,0,0,0,1.0,1.0,1.0,1.0,2.0,2.0,0.5,1.0,0.5,0.5,2.0,0.5,1.0,1.0,0.5,1.0,1.0
rapidash,500,1,fire,,0,0,0,0,1.0,1.0,1.0,1.0,2.0,2.0,0.5,1.0,0.5,0.5,2.0,0.5,1.0,1.0,0.5,1.0,1.0
slowpoke,315,1,water,psychic,0,0,0,0,1.0,0.5,1.0,1.0,1.0,1.0,2.0,2.0,0.5,0.5,0.5,2.0,2.0,0.5,0.5,1.0,2.0
slowbro,490,1,water,psychic,0,0,0,0,1.0,0.5,1.0,1.0,1.0,1.0,2.0,2.0,0.5,0.5,0.5,2.0,2.0,0.5,0.5,1.0,2.0
magnemite,325,1,electric,steel,0,0,0,0,0.5,2.0,0.25,0.0,4.0,0.5,0.5,0.5,0.25,2.0,1.0,0.5,0.5,0.5,0.5,0.5,0.5
magneton,465,1,electric,steel,0,0,0,0,0.5,2.0,0.25,0.0,4.0,0.5,0.5,0.5,0.25,2.0,1.0,0.5,0.5,0.5,0.5,0.5,0.5
farfetch'd,377,1,normal,flying,0,0,0,0,1.0,1.0,1.0,1.0,0.0,2.0,0.5,0.0,1.0,1.0,1.0,0.5,2.0,1.0,2.0,1.0,1.0
doduo,310,1,normal,flying,0,0,0,0,1.0,1.0,1.0,1.0,0.0,2.0,0.5,0.0,1.0,1.0,1.0,0.5,2.0,1.0,2.0,1.0,1.0
dodrio,470,1,normal,flying,0,0,0,0,1.0,1.0,1.0,1.0,0.0,2.0,0.5,0.0,1.0,1.0,1.0,0.5,2.0,1.0,2.0,1.0,1.0
seel,325,1,water,,0,0,0,0,1.0,1.0,1.0,1.0,1.0,1.0,1.0,1.0,0.5,0.5,0.5,2.0,2.0,1.0,0.5,1.0,1.0
dewgong,475,1,water,ice,0,0,0,0,1.0,2.0,1.0,1.0,1.0,2.0,1.0,1.0,1.0,1.0,0.5,2.0,2.0,1.0,0.25,1.0,1.0
grimer,325,1,poison,,0,0,0,0,1.0,0.5,1.0,0.5,2.0,1.0,0.5,1.0,1.0,1.0,1.0,0.5,1.0,2.0,1.0,1.0,1.0
muk,500,1,poison,,0,0,0,0,1.0,0.5,1.0,0.5,2.0,1.0,0.5,1.0,1.0,1.0,1.0,0.5,1.0,2.0,1.0,1.0,1.0
shellder,305,1,water,,0,0,0,0,1.0,1.0,1.0,1.0,1.0,1.0,1.0,1.0,0.5,0.5,0.5,2.0,2.0,1.0,0.5,1.0,1.0
cloyster,525,1,water,ice,0,0,0,0,1.0,2.0,1.0,1.0,1.0,2.0,1.0,1.0,1.0,1.0,0.5,2.0,2.0,1.0,0.25,1.0,1.0
gastly,310,1,ghost,poison,0,0,0,0,0.0,0.0,1.0,0.25,2.0,1.0,0.25,2.0,1.0,1.0,1.0,0.5,1.0,2.0,1.0,1.0,2.0
haunter,405,1,ghost,poison,0,0,0,0,0.0,0.0,1.0,0.25,2.0,1.0,0.25,2.0,1.0,1.0,1.0,0.5,1.0,2.0,1.0,1.0,2.0
gengar,500,1,ghost,poison,0,0,0,0,0.0,0.0,1.0,0.25,2.0,1.0,0.25,2.0,1.0,1.0,1.0,0.5,1.0,2.0,1.0,1.0,2.0
onix,385,1,rock,ground,0,0,0,0,0.5,2.0,0.5,0.25,2.0,0.5,1.0,1.0,2.0,0.5,4.0,4.0,0.0,1.0,2.0,1.0,1.0
drowzee,328,1,psychic,,0,0,0,0,1.0,0.5,1.0,1.0,1.0,1.0,2.0,2.0,1.0,1.0,1.0,1.0,1.0,0.5,1.0,1.0,2.0
hypno,483,1,psychic,,0,0,0,0,1.0,0.5,1.0,1.0,1.0,1.0,2.0,2.0,1.0,1.0,1.0,1.0,1.0,0.5,1.0,1.0,2.0
krabby,325,1,water,,0,0,0,0,1.0,1.0,1.0,1.0,1.0,1.0,1.0,1.0,0.5,0.5,0.5,2.0,2.0,1.0,0.5,1.0,1.0
kingler,475,1,water,,0,0,0,0,1.0,1.0,1.0,1.0,1.0,1.0,1.0,1.0,0.5,0.5,0.5,2.0,2.0,1.0,0.5,1.0,1.0
voltorb,330,1,electric,,0,0,0,0,1.0,1.0,0.5,1.0,2.0,1.0,1.0,1.0,0.5,1.0,1.0,1.0,0.5,1.0,1.0,1.0,1.0
electrode,490,1,electric,,0,0,0,0,1.0,1.0,0.5,1.0,2.0,1.0,1.0,1.0,0.5,1.0,1.0,1.0,0.5,1.0,1.0,1.0,1.0
exeggcute,325,1,grass,psychic,0,0,0,0,1.0,0.5,2.0,2.0,0.5,1.0,4.0,2.0,1.0,2.0,0.5,0.5,0.5,0.5,2.0,1.0,2.0
exeggutor,530,1,grass,psychic,0,0,0,0,1.0,0.5,2.0,2.0,0.5,1.0,4.0,2.0,1.0,2.0,0.5,0.5,0.5,0.5,2.0,1.0,2.0
cubone,320,1,ground,,0,0,0,0,1.0,1.0,1.0,0.5,1.0,0.5,1.0,1.0,1.0,1.0,2.0,2.0,0.0,1.0,2.0,1.0,1.0
marowak,425,1,ground,,0,0,0,0,1.0,1.0,1.0,0.5,1.0,0.5,1.0,1.0,1.0,1.0,2.0,2.0,0.0,1.0,2.0,1.0,1.0
hitmonlee,455,1,fighting,,0,0,0,0,1.0,1.0,2.0,1.0,1.0,0.5,0.5,1.0,1.0,1.0,1.0,1.0,1.0,2.0,1.0,1.0,0.5
hitmonchan,455,1,fighting,,0,0,0,0,1.0,1.0,2.0,1.0,1.0,0.5,0.5,1.0,1.0,1.0,1.0,1.0,1.0,2.0,1.0,1.0,0.5
lickitung,385,1,normal,,0,0,0,0,1.0,2.0,1.0,1.0,1.0,1.0,1.0,0.0,1.0,1.0,1.0,1.0,1.0,1.0,1.0,1.0,1.0
koffing,340,1,poison,,0,0,0,0,1.0,0.5,1.0,0.5,2.0,1.0,0.5,1.0,1.0,1.0,1.0,0.5,1.0,2.0,1.0,1.0,1.0
weezing,490,1,poison,,0,0,0,0,1.0,0.5,1.0,0.5,2.0,1.0,0.5,1.0,1.0,1.0,1.0,0.5,1.0,2.0,1.0,1.0,1.0
rhyhorn,345,1,ground,rock,0,0,0,0,0.5,2.0,0.5,0.25,2.0,0.5,1.0,1.0,2.0,0.5,4.0,4.0,0.0,1.0,2.0,1.0,1.0
rhydon,485,1,ground,rock,0,0,0,0,0.5,2.0,0.5,0.25,2.0,0.5,1.0,1.0,2.0,0.5,4.0,4.0,0.0,1.0,2.0,1.0,1.0
chansey,450,1,normal,,0,0,0,0,1.0,2.0,1.0,1.0,1.0,1.0,1.0,0.0,1.0,1.0,1.0,1.0,1.0,1.0,1.0,1.0,1.0
tangela,435,1,grass,,0,0,0,0,1.0,1.0,2.0,2.0,0.5,1.0,2.0,1.0,1.0,2.0,0.5,0.5,0.5,1.0,2.0,1.0,1.0
kangaskhan,490,1,normal,,0,0,0,0,1.0,2.0,1.0,1.0,1.0,1.0,1.0,0.0,1.0,1.0,1.0,1.0,1.0,1.0,1.0,1.0,1.0
horsea,295,1,water,,0,0,0,0,1.0,1.0,1.0,1.0,1.0,1.0,1.0,1.0,0.5,0.5,0.5,2.0,2.0,1.0,0.5,1.0,1.0
seadra,440,1,water,,0,0,0,0,1.0,1.0,1.0,1.0,1.0,1.0,1.0,1.0,0.5,0.5,0.5,2.0,2.0,1.0,0.5,1.0,1.0
goldeen,320,1,water,,0,0,0,0,1.0,1.0,1.0,1.0,1.0,1.0,1.0,1.0,0.5,0.5,0.5,2.0,2.0,1.0,0.5,1.0,1.0
seaking,450,1,water,,0,0,0,0,1.0,1.0,1.0,1.0,1.0,1.0,1.0,1.0,0.5,0.5,0.5,2.0,2.0,1.0,0.5,1.0,1.0
staryu,340,1,water,,0,0,0,0,1.0,1.0,1.0,1.0,1.0,1.0,1.0,1.0,0.5,0.5,0.5,2.0,2.0,1.0,0.5,1.0,1.0
starmie,520,1,water,psychic,0,0,0,0,1.0,0.5,1.0,1.0,1.0,1.0,2.0,2.0,0.5,0.5,0.5,2.0,2.0,0.5,0.5,1.0,2.0
mr. mime,460,1,psychic,,0,0,0,0,1.0,0.5,1.0,1.0,1.0,1.0,2.0,2.0,1.0,1.0,1.0,1.0,1.0,0.5,1.0,1.0,2.0
scyther,500,1,bug,flying,0,0,0,0,1.0,0.25,2.0,1.0,0.0,4.0,0.5,1.0,1.0,2.0,1.0,0.25,2.0,1.0,2.0,1.0,1.0
jynx,455,1,ice,psychic,0,0,0,0,1.0,1.0,1.0,1.0,1.0,2.0,2.0,2.0,2.0,2.0,1.0,1.0,1.0,0.5,0.5,1.0,2.0
electabuzz,490,1,electric,,0,0,0,0,1.0,1.0,0.5,1.0,2.0,1.0,1.0,1.0,0.5,1.0,1.0,1.0,0.5,1.0,1.0,1.0,1.0
magmar,495,1,fire,,0,0,0,0,1.0,1.0,1.0,1.0,2.0,2.0,0.5,1.0,0.5,0.5,2.0,0.5,1.0,1.0,0.5,1.0,1.0
pinsir,500,1,bug,,0,0,0,0,1.0,0.5,2.0,1.0,0.5,2.0,1.0,1.0,1.0,2.0,1.0,0.5,1.0,1.0,1.0,1.0,1.0
tauros,490,1,normal,,0,0,0,0,1.0,2.0,1.0,1.0,1.0,1.0,1.0,0.0,1.0,1.0,1.0,1.0,1.0,1.0,1.0,1.0,1.0
magikarp,200,1,water,,0,0,0,0,1.0,1.0,1.0,1.0,1.0,1.0,1.0,1.0,0.5,0.5,0.5,2.0,2.0,1.0,0.5,1.0,1.0
gyarados,540,1,water,flying,0,0,0,0,1.0,0.5,1.0,1.0,0.0,2.0,0.5,1.0,0.5,0.5,0.5,1.0,4.0,1.0,1.0,1.0,1.0
lapras,535,1,water,ice,0,0,0,0,1.0,2.0,1.0,1.0,1.0,2.0,1.0,1.0,1.0,1.0,0.5,2.0,2.0,1.0,0.25,1.0,1.0
ditto,288,1,normal,,0,0,0,0,1.0,2.0,1.0,1.0,1.0,1.0,1.0,0.0,1.0,1.0,1.0,1.0,1.0,1.0,1.0,1.0,1.0
eevee,325,1,normal,,0,0,0,0,1.0,2.0,1.0,1.0,1.0,1.0,1.0,0.0,1.0,1.0,1.0,1.0,1.0,1.0,1.0,1.0,1.0
vaporeon,525,1,water,,0,0,0,0,1.0,1.0,1.0,1.0,1.0,1.0,1.0,1.0,0.5,0.5,0.5,2.0,2.0,1.0,0.5,1.0,1.0
jolteon,525,1,electric,,0,0,0,0,1.0,1.0,0.5,1.0,2.0,1.0,1.0,1.0,0.5,1.0,1.0,1.0,0.5,1.0,1.0,1.0,1.0
flareon,525,1,fire,,0,0,0,0,1.0,1.0,1.0,1.0,2.0,2.0,0.5,1.0,0.5,0.5,2.0,0.5,1.0,1.0,0.5,1.0,1.0
porygon,395,1,normal,,0,0,0,0,1.0,2.0,1.0,1.0,1.0,1.0,1.0,0.0,1.0,1.0,1.0,1.0,1.0,1.0,1.0,1.0,1.0
omanyte,355,1,rock,water,0,0,0,1,0.5,2.0,0.5,0.5,2.0,1.0,1.0,1.0,1.0,0.25,1.0,4.0,2.0,1.0,0.5,1.0,1.0
omastar,495,1,rock,water,0,0,0,1,0.5,2.0,0.5,0.5,2.0,1.0,1.0,1.0,1.0,0.25,1.0,4.0,2.0,1.0,0.5,1.0,1.0
kabuto,355,1,rock,water,0,0,0,1,0.5,2.0,0.5,0.5,2.0,1.0,1.0,1.0,1.0,0.25,1.0,4.0,2.0,1.0,0.5,1.0,1.0
kabutops,495,1,rock,water,0,0,0,1,0.5,2.0,0.5,0.5,2.0,1.0,1.0,1.0,1.0,0.25,1.0,4.0,2.0,1.0,0.5,1.0,1.0
aerodactyl,515,1,rock,flying,0,0,0,1,0.5,1.0,0.5,0.5,0.0,2.0,0.5,1.0,2.0,0.5,2.0,1.0,2.0,1.0,2.0,1.0,1.0
snorlax,540,1,normal,,0,0,0,0,1.0,2.0,1.0,1.0,1.0,1.0,1.0,0.0,1.0,1.0,1.0,1.0,1.0,1.0,1.0,1.0,1.0
articuno,580,1,ice,flying,0,1,0,0,1.0,1.0,1.0,1.0,0.0,4.0,0.5,1.0,2.0,2.0,1.0,0.5,2.0,1.0,1.0,1.0,1.0
zapdos,580,1,electric,flying,0,1,0,0,1.0,0.5,0.5,1.0,0.0,2.0,0.5,1.0,0.5,1.0,1.0,0.5,1.0,1.0,2.0,1.0,1.0
moltres,580,1,fire,flying,0,1,0,0,1.0,0.5,1.0,1.0,0.0,4.0,0.25,1.0,0.5,0.5,2.0,0.25,2.0,1.0,1.0,1.0,1.0
dratini,300,1,dragon,,0,0,0,0,1.0,1.0,1.0,1.0,1.0,1.0,1.0,1.0,1.0,0.5,0.5,0.5,0.5,1.0,2.0,2.0,1.0
dragonair,420,1,dragon,,0,0,0,0,1.0,1.0,1.0,1.0,1.0,1.0,1.0,1.0,1.0,0.5,0.5,0.5,0.5,1.0,2.0,2.0,1.0
dragonite,600,1,dragon,flying,0,0,1,0,1.0,0.5,1.0,1.0,0.0,2.0,0.5,1.0,1.0,0.5,0.5,0.25,1.0,1.0,4.0,2.0,1.0
mewtwo,680,1,psychic,,0,1,0,0,1.0,0.5,1.0,1.0,1.0,1.0,2.0,2.0,1.0,1.0,1.0,1.0,1.0,0.5,1.0,1.0,2.0
mew,600,1,psychic,,0,1,0,0,1.0,0.5,1.0,1.0,1.0,1.0,2.0,2.0,1.0,1.0,1.0,1.0,1.0,0.5,1.0,1.0,2.0
