name,base_total,generation,type1,type2,is_starter,is_legendary,is_pseudo_legendary,is_fossil,against_normal,against_fighting,against_flying,against_poison,against_ground,against_rock,against_bug,against_ghost,against_steel,against_fire,against_water,against_grass,against_electric,against_psychic,against_ice,against_dragon,against_dark
chikorita,318,2,grass,,0,0,0,0,1.0,1.0,2.0,2.0,0.5,1.0,2.0,1.0,1.0,2.0,0.5,0.5,0.5,1.0,2.0,1.0,1.0
bayleef,405,2,grass,,0,0,0,0,1.0,1.0,2.0,2.0,0.5,1.0,2.0,1.0,1.0,2.0,0.5,0.5,0.5,1.0,2.0,1.0,1.0
meganium,525,2,grass,,1,0,0,0,1.0,1.0,2.0,2.0,0.5,1.0,2.0,1.0,1.0,2.0,0.5,0.5,0.5,1.0,2.0,1.0,1.0
cyndaquil,309,2,fire,,0,0,0,0,1.0,1.0,1.0,1.0,2.0,2.0,0.5,1.0,0.5,0.5,2.0,0.5,1.0,1.0,0.5,1.0,1.0
quilava,405,2,fire,,0,0,0,0,1.0,1.0,1.0,1.0,2.0,2.0,0.5,1.0,0.5,0.5,2.0,0.5,1.0,1.0,0.5,1.0,1.0
typhlosion,534,2,fire,,1,0,0,0,1.0,1.0,1.0,1.0,2.0,2.0,0.5,1.0,0.5,0.5,2.0,0.5,1.0,1.0,0.5,1.0,1.0
totodile,314,2,water,,0,0,0,0,1.0,1.0,1.0,1.0,1.0,1.0,1.0,1.0,0.5,0.5,0.5,2.0,2.0,1.0,0.5,1.0,1.0
croconaw,405,2,water,,0,0,0,0,1.0,1.0,1.0,1.0,1.0,1.0,1.0,1.0,0.5,0.5,0.5,2.0,2.0,1.0,0.5,1.0,1.0
feraligatr,530,2,water,,1,0,0,0,1.0,1.0,1.0,1.0,1.0,1.0,1.0,1.0,0.5,0.5,0.5,2.0,2.0,1.0,0.5,1.0,1.0
pidgey,251,1,normal,flying,0,0,0,0,1.0,1.0,1.0,1.0,0.0,2.0,0.5,0.0,1.0,1.0,1.0,0.5,2.0,1.0,2.0,1.0,1.0
pidgeotto,349,1,normal,flying,0,0,0,0,1.0,1.0,1.0,1.0,0.0,2.0,0.5,0.0,1.0,1.0,1.0,0.5,2.0,1.0,2.0,1.0,1.0
pidgeot,479,1,normal,flying,0,0,0,0,1.0,1.0,1.0,1.0,0.0,2.0,0.5,0.0,1.0,1.0,1.0,0.5,2.0,1.0,2.0,1.0,1.0
spearow,262,1,normal,flying,0,0,0,0,1.0,1.0,1.0,1.0,0.0,2.0,0.5,0.0,1.0,1.0,1.0,0.5,2.0,1.0,2.0,1.0,1.0
fearow,442,1,normal,flying,0,0,0,0,1.0,1.0,1.0,1.0,0.0,2.0,0.5,0.0,1.0,1.0,1.0,0.5,2.0,1.0,2.0,1.0,1.0
hoothoot,262,2,normal,flying,0,0,0,0,1.0,1.0,1.0,1.0,0.0,2.0,0.5,0.0,1.0,1.0,1.0,0.5,2.0,1.0,2.0,1.0,1.0
noctowl,452,2,normal,flying,0,0,0,0,1.0,1.0,1.0,1.0,0.0,2.0,0.5,0.0,1.0,1.0,1.0,0.5,2.0,1.0,2.0,1.0,1.0
rattata,253,1,normal,,0,0,0,0,1.0,2.0,1.0,1.0,1.0,1.0,1.0,0.0,1.0,1.0,1.0,1.0,1.0,1.0,1.0,1.0,1.0
raticate,413,1,normal,,0,0,0,0,1.0,2.0,1.0,1.0,1.0,1.0,1.0,0.0,1.0,1.0,1.0,1.0,1.0,1.0,1.0,1.0,1.0
sentret,215,2,normal,,0,0,0,0,1.0,2.0,1.0,1.0,1.0,1.0,1.0,0.0,1.0,1.0,1.0,1.0,1.0,1.0,1.0,1.0,1.0
furret,415,2,normal,,0,0,0,0,1.0,2.0,1.0,1.0,1.0,1.0,1.0,0.0,1.0,1.0,1.0,1.0,1.0,1.0,1.0,1.0,1.0
pichu,205,2,electric,,0,0,0,0,1.0,1.0,0.5,1.0,2.0,1.0,1.0,1.0,0.5,1.0,1.0,1.0,0.5,1.0,1.0,1.0,1.0
pikachu,320,1,electric,,0,0,0,0,1.0,1.0,0.5,1.0,2.0,1.0,1.0,1.0,0.5,1.0,1.0,1.0,0.5,1.0,1.0,1.0,1.0
raichu,485,1,electric,,0,0,0,0,1.0,1.0,0.5,1.0,2.0,1.0,1.0,1.0,0.5,1.0,1.0,1.0,0.5,1.0,1.0,1.0,1.0
caterpie,195,1,bug,,0,0,0,0,1.0,0.5,2.0,1.0,0.5,2.0,1.0,1.0,1.0,2.0,1.0,0.5,1.0,1.0,1.0,1.0,1.0
metapod,205,1,bug,,0,0,0,0,1.0,0.5,2.0,1.0,0.5,2.0,1.0,1.0,1.0,2.0,1.0,0.5,1.0,1.0,1.0,1.0,1.0
butterfree,395,1,bug,flying,0,0,0,0,1.0,0.25,2.0,1.0,0.0,4.0,0.5,1.0,1.0,2.0,1.0,0.25,2.0,1.0,2.0,1.0,1.0
weedle,195,1,bug,poison,0,0,0,0,1.0,0.25,2.0,0.5,1.0,2.0,0.5,1.0,1.0,2.0,1.0,0.25,1.0,2.0,1.0,1.0,1.0
kakuna,205,1,bug,poison,0,0,0,0,1.0,0.25,2.0,0.5,1.0,2.0,0.5,1.0,1.0,2.0,1.0,0.25,1.0,2.0,1.0,1.0,1.0
beedrill,395,1,bug,poison,0,0,0,0,1.0,0.25,2.0,0.5,1.0,2.0,0.5,1.0,1.0,2.0,1.0,0.25,1.0,2.0,1.0,1.0,1.0
ledyba,265,2,bug,flying,0,0,0,0,1.0,0.25,2.0,1.0,0.0,4.0,0.5,1.0,1.0,2.0,1.0,0.25,2.0,1.0,2.0,1.0,1.0
ledian,390,2,bug,flying,0,0,0,0,1.0,0.25,2.0,1.0,0.0,4.0,0.5,1.0,1.0,2.0,1.0,0.25,2.0,1.0,2.0,1.0,1.0
spinarak,250,2,bug,poison,0,0,0,0,1.0,0.25,2.0,0.5,1.0,2.0,0.5,1.0,1.0,2.0,1.0,0.25,1.0,2.0,1.0,1.0,1.0
ariados,400,2,bug,poison,0,0,0,0,1.0,0.25,2.0,0.5,1.0,2.0,0.5,1.0,1.0,2.0,1.0,0.25,1.0,2.0,1.0,1.0,1.0
geodude,300,1,rock,ground,0,0,0,0,0.5,2.0,0.5,0.25,2.0,0.5,1.0,1.0,2.0,0.5,4.0,4.0,0.0,1.0,2.0,1.0,1.0
graveler,390,1,rock,ground,0,0,0,0,0.5,2.0,0.5,0.25,2.0,0.5,1.0,1.0,2.0,0.5,4.0,4.0,0.0,1.0,2.0,1.0,1.0
golem,495,1,rock,ground,0,0,0,0,0.5,2.0,0.5,0.25,2.0,0.5,1.0,1.0,2.0,0.5,4.0,4.0,0.0,1.0,2.0,1.0,1.0
zubat,245,1,poison,flying,0,0,0,0,1.0,0.25,1.0,0.5,0.0,2.0,0.25,1.0,1.0,1.0,1.0,0.25,2.0,2.0,2.0,1.0,1.0
golbat,455,1,poison,flying,0,0,0,0,1.0,0.25,1.0,0.5,0.0,2.0,0.25,1.0,1.0,1.0,1.0,0.25,2.0,2.0,2.0,1.0,1.0
crobat,535,2,poison,flying,0,0,0,0,1.0,0.25,1.0,0.5,0.0,2.0,0.25,1.0,1.0,1.0,1.0,0.25,2.0,2.0,2.0,1.0,1.0
cleffa,218,2,normal,,0,0,0,0,1.0,2.0,1.0,1.0,1.0,1.0,1.0,0.0,1.0,1.0,1.0,1.0,1.0,1.0,1.0,1.0,1.0
clefairy,323,1,normal,,0,0,0,0,1.0,2.0,1.0,1.0,1.0,1.0,1.0,0.0,1.0,1.0,1.0,1.0,1.0,1.0,1.0,1.0,1.0
clefable,483,1,normal,,0,0,0,0,1.0,2.0,1.0,1.0,1.0,1.0,1.0,0.0,1.0,1.0,1.0,1.0,1.0,1.0,1.0,1.0,1.0
igglybuff,210,2,normal,,0,0,0,0,1.0,2.0,1.0,1.0,1.0,1.0,1.0,0.0,1.0,1.0,1.0,1.0,1.0,1.0,1.0,1.0,1.0
jigglypuff,270,1,normal,,0,0,0,0,1.0,2.0,1.0,1.0,1.0,1.0,1.0,0.0,1.0,1.0,1.0,1.0,1.0,1.0,1.0,1.0,1.0
wigglytuff,435,1,normal,,0,0,0,0,1.0,2.0,1.0,1.0,1.0,1.0,1.0,0.0,1.0,1.0,1.0,1.0,1.0,1.0,1.0,1.0,1.0
togepi,245,2,normal,,0,0,0,0,1.0,2.0,1.0,1.0,1.0,1.0,1.0,0.0,1.0,1.0,1.0,1.0,1.0,1.0,1.0,1.0,1.0
togetic,405,2,normal,flying,0,0,0,0,1.0,1.0,1.0,1.0,0.0,2.0,0.5,0.0,1.0,1.0,1.0,0.5,2.0,1.0,2.0,1.0,1.0
sandshrew,300,1,ground,,0,0,0,0,1.0,1.0,1.0,0.5,1.0,0.5,1.0,1.0,1.0,1.0,2.0,2.0,0.0,1.0,2.0,1.0,1.0
sandslash,450,1,ground,,0,0,0,0,1.0,1.0,1.0,0.5,1.0,0.5,1.0,1.0,1.0,1.0,2.0,2.0,0.0,1.0,2.0,1.0,1.0
ekans,288,1,poison,,0,0,0,0,1.0,0.5,1.0,0.5,2.0,1.0,0.5,1.0,1.0,1.0,1.0,0.5,1.0,2.0,1.0,1.0,1.0
arbok,448,1,poison,,0,0,0,0,1.0,0.5,1.0,0.5,2.0,1.0,0.5,1.0,1.0,1.0,1.0,0.5,1.0,2.0,1.0,1.0,1.0
dunsparce,415,2,normal,,0,0,0,0,1.0,2.0,1.0,1.0,1.0,1.0,1.0,0.0,1.0,1.0,1.0,1.0,1.0,1.0,1.0,1.0,1.0
mareep,280,2,electric,,0,0,0,0,1.0,1.0,0.5,1.0,2.0,1.0,1.0,1.0,0.5,1.0,1.0,1.0,0.5,1.0,1.0,1.0,1.0
flaaffy,365,2,electric,,0,0,0,0,1.0,1.0,0.5,1.0,2.0,1.0,1.0,1.0,0.5,1.0,1.0,1.0,0.5,1.0,1.0,1.0,1.0
ampharos,510,2,electric,,0,0,0,0,1.0,1.0,0.5,1.0,2.0,1.0,1.0,1.0,0.5,1.0,1.0,1.0,0.5,1.0,1.0,1.0,1.0
wooper,210,2,water,ground,0,0,0,0,1.0,1.0,1.0,0.5,1.0,0.5,1.0,1.0,0.5,0.5,1.0,4.0,0.0,1.0,1.0,1.0,1.0
quagsire,430,2,water,ground,0,0,0,0,1.0,1.0,1.0,0.5,1.0,0.5,1.0,1.0,0.5,0.5,1.0,4.0,0.0,1.0,1.0,1.0,1.0
gastly,310,1,ghost,poison,0,0,0,0,0.0,0.0,1.0,0.25,2.0,1.0,0.25,2.0,1.0,1.0,1.0,0.5,1.0,2.0,1.0,1.0,2.0
haunter,405,1,ghost,poison,0,0,0,0,0.0,0.0,1.0,0.25,2.0,1.0,0.25,2.0,1.0,1.0,1.0,0.5,1.0,2.0,1.0,1.0,2.0
gengar,500,1,ghost,poison,0,0,0,0,0.0,0.0,1.0,0.25,2.0,1.0,0.25,2.0,1.0,1.0,1.0,0.5,1.0,2.0,1.0,1.0,2.0
unown,336,2,psychic,,0,0,0,0,1.0,0.5,1.0,1.0,1.0,1.0,2.0,2.0,1.0,1.0,1.0,1.0,1.0,0.5,1.0,1.0,2.0
onix,385,1,rock,ground,0,0,0,0,0.5,2.0,0.5,0.25,2.0,0.5,1.0,1.0,2.0,0.5,4.0,4.0,0.0,1.0,2.0,1.0,1.0
steelix,510,2,steel,ground,0,0,0,0,0.5,2.0,0.5,0.0,2.0,0.25,0.5,0.5,0.5,2.0,2.0,1.0,0.0,0.5,1.0,0.5,0.5
bellsprout,300,1,grass,poison,0,0,0,0,1.0,0.5,2.0,1.0,1.0,1.0,1.0,1.0,1.0,2.0,0.5,0.25,0.5,2.0,2.0,1.0,1.0
weepinbell,390,1,grass,poison,0,0,0,0,1.0,0.5,2.0,1.0,1.0,1.0,1.0,1.0,1.0,2.0,0.5,0.25,0.5,2.0,2.0,1.0,1.0
victreebel,490,1,grass,poison,0,0,0,0,1.0,0.5,2.0,1.0,1.0,1.0,1.0,1.0,1.0,2.0,0.5,0.25,0.5,2.0,2.0,1.0,1.0
hoppip,250,2,grass,flying,0,0,0,0,1.0,0.5,2.0,2.0,0.0,2.0,1.0,1.0,1.0,2.0,0.5,0.25,1.0,1.0,4.0,1.0,1.0
skiploom,340,2,grass,flying,0,0,0,0,1.0,0.5,2.0,2.0,0.0,2.0,1.0,1.0,1.0,2.0,0.5,0.25,1.0,1.0,4.0,1.0,1.0
jumpluff,460,2,grass,flying,0,0,0,0,1.0,0.5,2.0,2.0,0.0,2.0,1.0,1.0,1.0,2.0,0.5,0.25,1.0,1.0,4.0,1.0,1.0
paras,285,1,bug,grass,0,0,0,0,1.0,0.5,4.0,2.0,0.25,2.0,2.0,1.0,1.0,4.0,0.5,0.25,0.5,1.0,2.0,1.0,1.0
parasect,405,1,bug,grass,0,0,0,0,1.0,0.5,4.0,2.0,0.25,2.0,2.0,1.0,1.0,4.0,0.5,0.25,0.5,1.0,2.0,1.0,1.0
poliwag,300,1,water,,0,0,0,0,1.0,1.0,1.0,1.0,1.0,1.0,1.0,1.0,0.5,0.5,0.5,2.0,2.0,1.0,0.5,1.0,1.0
poliwhirl,385,1,water,,0,0,0,0,1.0,1.0,1.0,1.0,1.0,1.0,1.0,1.0,0.5,0.5,0.5,2.0,2.0,1.0,0.5,1.0,1.0
poliwrath,510,1,water,fighting,0,0,0,0,1.0,1.0,2.0,1.0,1.0,0.5,0.5,1.0,0.5,0.5,0.5,2.0,2.0,2.0,0.5,1.0,0.5
politoed,500,2,water,,0,0,0,0,1.0,1.0,1.0,1.0,1.0,1.0,1.0,1.0,0.5,0.5,0.5,2.0,2.0,1.0,0.5,1.0,1.0
magikarp,200,1,water,,0,0,0,0,1.0,1.0,1.0,1.0,1.0,1.0,1.0,1.0,0.5,0.5,0.5,2.0,2.0,1.0,0.5,1.0,1.0
gyarados,540,1,water,flying,0,0,0,0,1.0,0.5,1.0,1.0,0.0,2.0,0.5,1.0,0.5,0.5,0.5,1.0,4.0,1.0,1.0,1.0,1.0
goldeen,320,1,water,,0,0,0,0,1.0,1.0,1.0,1.0,1.0,1.0,1.0,1.0,0.5,0.5,0.5,2.0,2.0,1.0,0.5,1.0,1.0
seaking,450,1,water,,0,0,0,0,1.0,1.0,1.0,1.0,1.0,1.0,1.0,1.0,0.5,0.5,0.5,2.0,2.0,1.0,0.5,1.0,1.0
slowpoke,315,1,water,psychic,0,0,0,0,1.0,0.5,1.0,1.0,1.0,1.0,2.0,2.0,0.5,0.5,0.5,2.0,2.0,0.5,0.5,1.0,2.0
slowbro,490,1,water,psychic,0,0,0,0,1.0,0.5,1.0,1.0,1.0,1.0,2.0,2.0,0.5,0.5,0.5,2.0,2.0,0.5,0.5,1.0,2.0
slowking,490,2,water,psychic,0,0,0,0,1.0,0.5,1.0,1.0,1.0,1.0,2.0,2.0,0.5,0.5,0.5,2.0,2.0,0.5,0.5,1.0,2.0
oddish,320,1,grass,poison,0,0,0,0,1.0,0.5,2.0,1.0,1.0,1.0,1.0,1.0,1.0,2.0,0.5,0.25,0.5,2.0,2.0,1.0,1.0
gloom,395,1,grass,poison,0,0,0,0,1.0,0.5,2.0,1.0,1.0,1.0,1.0,1.0,1.0,2.0,0.5,0.25,0.5,2.0,2.0,1.0,1.0
vileplume,490,1,grass,poison,0,0,0,0,1.0,0.5,2.0,1.0,1.0,1.0,1.0,1.0,1.0,2.0,0.5,0.25,0.5,2.0,2.0,1.0,1.0
bellossom,490,2,grass,,0,0,0,0,1.0,1.0,2.0,2.0,0.5,1.0,2.0,1.0,1.0,2.0,0.5,0.5,0.5,1.0,2.0,1.0,1.0
drowzee,328,1,psychic,,0,0,0,0,1.0,0.5,1.0,1.0,1.0,1.0,2.0,2.0,1.0,1.0,1.0,1.0,1.0,0.5,1.0,1.0,2.0
hypno,483,1,psychic,,0,0,0,0,1.0,0.5,1.0,1.0,1.0,1.0,2.0,2.0,1.0,1.0,1.0,1.0,1.0,0.5,1.0,1.0,2.0
abra,310,1,psychic,,0,0,0,0,1.0,0.5,1.0,1.0,1.0,1.0,2.0,2.0,1.0,1.0,1.0,1.0,1.0,0.5,1.0,1.0,2.0
kadabra,400,1,psychic,,0,0,0,0,1.0,0.5,1.0,1.0,1.0,1.0,2.0,2.0,1.0,1.0,1.0,1.0,1.0,0.5,1.0,1.0,2.0
alakazam,500,1,psychic,,0,0,0,0,1.0,0.5,1.0,1.0,1.0,1.0,2.0,2.0,1.0,1.0,1.0,1.0,1.0,0.5,1.0,1.0,2.0
ditto,288,1,normal,,0,0,0,0,1.0,2.0,1.0,1.0,1.0,1.0,1.0,0.0,1.0,1.0,1.0,1.0,1.0,1.0,1.0,1.0,1.0
pineco,290,2,bug,,0,0,0,0,1.0,0.5,2.0,1.0,0.5,2.0,1.0,1.0,1.0,2.0,1.0,0.5,1.0,1.0,1.0,1.0,1.0
forretress,465,2,bug,steel,0,0,0,0,0.5,1.0,1.0,0.0,1.0,1.0,0.5,0.5,0.5,4.0,1.0,0.25,1.0,0.5,0.5,0.5,0.5
nidoran♀,275,1,poison,,0,0,0,0,1.0,0.5,1.0,0.5,2.0,1.0,0.5,1.0,1.0,1.0,1.0,0.5,1.0,2.0,1.0,1.0,1.0
nidorina,365,1,poison,,0,0,0,0,1.0,0.5,1.0,0.5,2.0,1.0,0.5,1.0,1.0,1.0,1.0,0.5,1.0,2.0,1.0,1.0,1.0
nidoqueen,505,1,poison,ground,0,0,0,0,1.0,0.5,1.0,0.25,2.0,0.5,0.5,1.0,1.0,1.0,2.0,1.0,0.0,2.0,2.0,1.0,1.0
nidoran♂,273,1,poison,,0,0,0,0,1.0,0.5,1.0,0.5,2.0,1.0,0.5,1.0,1.0,1.0,1.0,0.5,1.0,2.0,1.0,1.0,1.0
nidorino,365,1,poison,,0,0,0,0,1.0,0.5,1.0,0.5,2.0,1.0,0.5,1.0,1.0,1.0,1.0,0.5,1.0,2.0,1.0,1.0,1.0
nidoking,505,1,poison,ground,0,0,0,0,1.0,0.5,1.0,0.25,2.0,0.5,0.5,1.0,1.0,1.0,2.0,1.0,0.0,2.0,2.0,1.0,1.0
yanma,390,2,bug,flying,0,0,0,0,1.0,0.25,2.0,1.0,0.0,4.0,0.5,1.0,1.0,2.0,1.0,0.25,2.0,1.0,2.0,1.0,1.0
yanmega,515,4,bug,flying,0,0,0,0,1.0,0.25,2.0,1.0,0.0,4.0,0.5,1.0,1.0,2.0,1.0,0.25,2.0,1.0,2.0,1.0,1.0
sunkern,180,2,grass,,0,0,0,0,1.0,1.0,2.0,2.0,0.5,1.0,2.0,1.0,1.0,2.0,0.5,0.5,0.5,1.0,2.0,1.0,1.0
sunflora,425,2,grass,,0,0,0,0,1.0,1.0,2.0,2.0,0.5,1.0,2.0,1.0,1.0,2.0,0.5,0.5,0.5,1.0,2.0,1.0,1.0
exeggcute,325,1,grass,psychic,0,0,0,0,1.0,0.5,2.0,2.0,0.5,1.0,4.0,2.0,1.0,2.0,0.5,0.5,0.5,0.5,2.0,1.0,2.0
exeggutor,530,1,grass,psychic,0,0,0,0,1.0,0.5,2.0,2.0,0.5,1.0,4.0,2.0,1.0,2.0,0.5,0.5,0.5,0.5,2.0,1.0,2.0
sudowoodo,410,2,rock,,0,0,0,0,0.5,2.0,0.5,0.5,2.0,1.0,1.0,1.0,2.0,0.5,2.0,2.0,1.0,1.0,1.0,1.0,1.0
wobbuffet,405,2,psychic,,0,0,0,0,1.0,0.5,1.0,1.0,1.0,1.0,2.0,2.0,1.0,1.0,1.0,1.0,1.0,0.5,1.0,1.0,2.0
venonat,305,1,bug,poison,0,0,0,0,1.0,0.25,2.0,0.5,1.0,2.0,0.5,1.0,1.0,2.0,1.0,0.25,1.0,2.0,1.0,1.0,1.0
venomoth,450,1,bug,poison,0,0,0,0,1.0,0.25,2.0,0.5,1.0,2.0,0.5,1.0,1.0,2.0,1.0,0.25,1.0,2.0,1.0,1.0,1.0
scyther,500,1,bug,flying,0,0,0,0,1.0,0.25,2.0,1.0,0.0,4.0,0.5,1.0,1.0,2.0,1.0,0.25,2.0,1.0,2.0,1.0,1.0
scizor,500,2,bug,steel,0,0,0,0,0.5,1.0,1.0,0.0,1.0,1.0,0.5,0.5,0.5,4.0,1.0,0.25,1.0,0.5,0.5,0.5,0.5
pinsir,500,1,bug,,0,0,0,0,1.0,0.5,2.0,1.0,0.5,2.0,1.0,1.0,1.0,2.0,1.0,0.5,1.0,1.0,1.0,1.0,1.0
heracross,500,2,bug,fighting,0,0,0,0,1.0,0.5,4.0,1.0,0.5,1.0,0.5,1.0,1.0,2.0,1.0,0.5,1.0,2.0,1.0,1.0,0.5
koffing,340,1,poison,,0,0,0,0,1.0,0.5,1.0,0.5,2.0,1.0,0.5,1.0,1.0,1.0,1.0,0.5,1.0,2.0,1.0,1.0,1.0
weezing,490,1,poison,,0,0,0,0,1.0,0.5,1.0,0.5,2.0,1.0,0.5,1.0,1.0,1.0,1.0,0.5,1.0,2.0,1.0,1.0,1.0
grimer,325,1,poison,,0,0,0,0,1.0,0.5,1.0,0.5,2.0,1.0,0.5,1.0,1.0,1.0,1.0,0.5,1.0,2.0,1.0,1.0,1.0
muk,500,1,poison,,0,0,0,0,1.0,0.5,1.0,0.5,2.0,1.0,0.5,1.0,1.0,1.0,1.0,0.5,1.0,2.0,1.0,1.0,1.0
magnemite,325,1,electric,steel,0,0,0,0,0.5,2.0,0.25,0.0,4.0,0.5,0.5,0.5,0.25,2.0,1.0,0.5,0.5,0.5,0.5,0.5,0.5
magneton,465,1,electric,steel,0,0,0,0,0.5,2.0,0.25,0.0,4.0,0.5,0.5,0.5,0.25,2.0,1.0,0.5,0.5,0.5,0.5,0.5,0.5
voltorb,330,1,electric,,0,0,0,0,1.0,1.0,0.5,1.0,2.0,1.0,1.0,1.0,0.5,1.0,1.0,1.0,0.5,1.0,1.0,1.0,1.0
electrode,490,1,electric,,0,0,0,0,1.0,1.0,0.5,1.0,2.0,1.0,1.0,1.0,0.5,1.0,1.0,1.0,0.5,1.0,1.0,1.0,1.0
aipom,360,2,normal,,0,0,0,0,1.0,2.0,1.0,1.0,1.0,1.0,1.0,0.0,1.0,1.0,1.0,1.0,1.0,1.0,1.0,1.0,1.0
ambipom,482,4,normal,,0,0,0,0,1.0,2.0,1.0,1.0,1.0,1.0,1.0,0.0,1.0,1.0,1.0,1.0,1.0,1.0,1.0,1.0,1.0
snubbull,300,2,normal,,0,0,0,0,1.0,2.0,1.0,1.0,1.0,1.0,1.0,0.0,1.0,1.0,1.0,1.0,1.0,1.0,1.0,1.0,1.0
granbull,450,2,normal,,0,0,0,0,1.0,2.0,1.0,1.0,1.0,1.0,1.0,0.0,1.0,1.0,1.0,1.0,1.0,1.0,1.0,1.0,1.0
vulpix,299,1,fire,,0,0,0,0,1.0,1.0,1.0,1.0,2.0,2.0,0.5,1.0,0.5,0.5,2.0,0.5,1.0,1.0,0.5,1.0,1.0
ninetales,505,1,fire,,0,0,0,0,1.0,1.0,1.0,1.0,2.0,2.0,0.5,1.0,0.5,0.5,2.0,0.5,1.0,1.0,0.5,1.0,1.0
growlithe,350,1,fire,,0,0,0,0,1.0,1.0,1.0,1.0,2.0,2.0,0.5,1.0,0.5,0.5,2.0,0.5,1.0,1.0,0.5,1.0,1.0
arcanine,555,1,fire,,0,0,0,0,1.0,1.0,1.0,1.0,2.0,2.0,0.5,1.0,0.5,0.5,2.0,0.5,1.0,1.0,0.5,1.0,1.0
stantler,465,2,normal,,0,0,0,0,1.0,2.0,1.0,1.0,1.0,1.0,1.0,0.0,1.0,1.0,1.0,1.0,1.0,1.0,1.0,1.0,1.0
marill,250,2,water,,0,0,0,0,1.0,1.0,1.0,1.0,1.0,1.0,1.0,1.0,0.5,0.5,0.5,2.0,2.0,1.0,0.5,1.0,1.0
azumarill,420,2,water,,0,0,0,0,1.0,1.0,1.0,1.0,1.0,1.0,1.0,1.0,0.5,0.5,0.5,2.0,2.0,1.0,0.5,1.0,1.0
diglett,265,1,ground,,0,0,0,0,1.0,1.0,1.0,0.5,1.0,0.5,1.0,1.0,1.0,1.0,2.0,2.0,0.0,1.0,2.0,1.0,1.0
dugtrio,425,1,ground,,0,0,0,0,1.0,1.0,1.0,0.5,1.0,0.5,1.0,1.0,1.0,1.0,2.0,2.0,0.0,1.0,2.0,1.0,1.0
mankey,305,1,fighting,,0,0,0,0,1.0,1.0,2.0,1.0,1.0,0.5,0.5,1.0,1.0,1.0,1.0,1.0,1.0,2.0,1.0,1.0,0.5
primeape,455,1,fighting,,0,0,0,0,1.0,1.0,2.0,1.0,1.0,0.5,0.5,1.0,1.0,1.0,1.0,1.0,1.0,2.0,1.0,1.0,0.5
meowth,290,1,normal,,0,0,0,0,1.0,2.0,1.0,1.0,1.0,1.0,1.0,0.0,1.0,1.0,1.0,1.0,1.0,1.0,1.0,1.0,1.0
persian,440,1,normal,,0,0,0,0,1.0,2.0,1.0,1.0,1.0,1.0,1.0,0.0,1.0,1.0,1.0,1.0,1.0,1.0,1.0,1.0,1.0
psyduck,320,1,water,,0,0,0,0,1.0,1.0,1.0,1.0,1.0,1.0,1.0,1.0,0.5,0.5,0.5,2.0,2.0,1.0,0.5,1.0,1.0
golduck,500,1,water,,0,0,0,0,1.0,1.0,1.0,1.0,1.0,1.0,1.0,1.0,0.5,0.5,0.5,2.0,2.0,1.0,0.5,1.0,1.0
machop,305,1,fighting,,0,0,0,0,1.0,1.0,2.0,1.0,1.0,0.5,0.5,1.0,1.0,1.0,1.0,1.0,1.0,2.0,1.0,1.0,0.5
machoke,405,1,fighting,,0,0,0,0,1.0,1.0,2.0,1.0,1.0,0.5,0.5,1.0,1.0,1.0,1.0,1.0,1.0,2.0,1.0,1.0,0.5
machamp,505,1,fighting,,0,0,0,0,1.0,1.0,2.0,1.0,1.0,0.5,0.5,1.0,1.0,1.0,1.0,1.0,1.0,2.0,1.0,1.0,0.5
tyrogue,210,2,fighting,,0,0,0,0,1.0,1.0,2.0,1.0,1.0,0.5,0.5,1.0,1.0,1.0,1.0,1.0,1.0,2.0,1.0,1.0,0.5
hitmonlee,455,1,fighting,,0,0,0,0,1.0,1.0,2.0,1.0,1.0,0.5,0.5,1.0,1.0,1.0,1.0,1.0,1.0,2.0,1.0,1.0,0.5
hitmonchan,455,1,fighting,,0,0,0,0,1.0,1.0,2.0,1.0,1.0,0.5,0.5,1.0,1.0,1.0,1.0,1.0,1.0,2.0,1.0,1.0,0.5
hitmontop,455,2,fighting,,0,0,0,0,1.0,1.0,2.0,1.0,1.0,0.5,0.5,1.0,1.0,1.0,1.0,1.0,1.0,2.0,1.0,1.0,0.5
girafarig,455,2,normal,psychic,0,0,0,0,1.0,1.0,1.0,1.0,1.0,1.0,2.0,0.0,1.0,1.0,1.0,1.0,1.0,0.5,1.0,1.0,2.0
tauros,490,1,normal,,0,0,0,0,1.0,2.0,1.0,1.0,1.0,1.0,1.0,0.0,1.0,1.0,1.0,1.0,1.0,1.0,1.0,1.0,1.0
miltank,490,2,normal,,0,0,0,0,1.0,2.0,1.0,1.0,1.0,1.0,1.0,0.0,1.0,1.0,1.0,1.0,1.0,1.0,1.0,1.0,1.0
magby,365,2,fire,,0,0,0,0,1.0,1.0,1.0,1.0,2.0,2.0,0.5,1.0,0.5,0.5,2.0,0.5,1.0,1.0,0.5,1.0,1.0
magmar,495,1,fire,,0,0,0,0,1.0,1.0,1.0,1.0,2.0,2.0,0.5,1.0,0.5,0.5,2.0,0.5,1.0,1.0,0.5,1.0,1.0
smoochum,305,2,ice,psychic,0,0,0,0,1.0,1.0,1.0,1.0,1.0,2.0,2.0,2.0,2.0,2.0,1.0,1.0,1.0,0.5,0.5,1.0,2.0
jynx,455,1,ice,psychic,0,0,0,0,1.0,1.0,1.0,1.0,1.0,2.0,2.0,2.0,2.0,2.0,1.0,1.0,1.0,0.5,0.5,1.0,2.0
elekid,360,2,electric,,0,0,0,0,1.0,1.0,0.5,1.0,2.0,1.0,1.0,1.0,0.5,1.0,1.0,1.0,0.5,1.0,1.0,1.0,1.0
electabuzz,490,1,electric,,0,0,0,0,1.0,1.0,0.5,1.0,2.0,1.0,1.0,1.0,0.5,1.0,1.0,1.0,0.5,1.0,1.0,1.0,1.0
mr. mime,460,1,psychic,,0,0,0,0,1.0,0.5,1.0,1.0,1.0,1.0,2.0,2.0,1.0,1.0,1.0,1.0,1.0,0.5,1.0,1.0,2.0
smeargle,250,2,normal,,0,0,0,0,1.0,2.0,1.0,1.0,1.0,1.0,1.0,0.0,1.0,1.0,1.0,1.0,1.0,1.0,1.0,1.0,1.0
farfetch'd,377,1,normal,flying,0,0,0,0,1.0,1.0,1.0,1.0,0.0,2.0,0.5,0.0,1.0,1.0,1.0,0.5,2.0,1.0,2.0,1.0,1.0
natu,320,2,psychic,flying,0,0,0,0,1.0,0.25,1.0,1.0,0.0,2.0,1.0,2.0,1.0,1.0,1.0,0.5,2.0,0.5,2.0,1.0,2.0
xatu,470,2,psychic,flying,0,0,0,0,1.0,0.25,1.0,1.0,0.0,2.0,1.0,2.0,1.0,1.0,1.0,0.5,2.0,0.5,2.0,1.0,2.0
qwilfish,440,2,water,poison,0,0,0,0,1.0,0.5,1.0,0.5,2.0,1.0,0.5,1.0,0.5,0.5,0.5,1.0,2.0,2.0,0.5,1.0,1.0
tentacool,335,1,water,poison,0,0,0,0,1.0,0.5,1.0,0.5,2.0,1.0,0.5,1.0,0.5,0.5,0.5,1.0,2.0,2.0,0.5,1.0,1.0
tentacruel,515,1,water,poison,0,0,0,0,1.0,0.5,1.0,0.5,2.0,1.0,0.5,1.0,0.5,0.5,0.5,1.0,2.0,2.0,0.5,1.0,1.0
krabby,325,1,water,,0,0,0,0,1.0,1.0,1.0,1.0,1.0,1.0,1.0,1.0,0.5,0.5,0.5,2.0,2.0,1.0,0.5,1.0,1.0
kingler,475,1,water,,0,0,0,0,1.0,1.0,1.0,1.0,1.0,1.0,1.0,1.0,0.5,0.5,0.5,2.0,2.0,1.0,0.5,1.0,1.0
shuckle,505,2,bug,rock,0,0,0,0,0.5,1.0,1.0,0.5,1.0,2.0,1.0,1.0,2.0,1.0,2.0,1.0,1.0,1.0,1.0,1.0,1.0
staryu,340,1,water,,0,0,0,0,1.0,1.0,1.0,1.0,1.0,1.0,1.0,1.0,0.5,0.5,0.5,2.0,2.0,1.0,0.5,1.0,1.0
starmie,520,1,water,psychic,0,0,0,0,1.0,0.5,1.0,1.0,1.0,1.0,2.0,2.0,0.5,0.5,0.5,2.0,2.0,0.5,0.5,1.0,2.0
shellder,305,1,water,,0,0,0,0,1.0,1.0,1.0,1.0,1.0,1.0,1.0,1.0,0.5,0.5,0.5,2.0,2.0,1.0,0.5,1.0,1.0
cloyster,525,1,water,ice,0,0,0,0,1.0,2.0,1.0,1.0,1.0,2.0,1.0,1.0,1.0,1.0,0.5,2.0,2.0,1.0,0.25,1.0,1.0
corsola,410,2,water,rock,0,0,0,0,0.5,2.0,0.5,0.5,2.0,1.0,1.0,1.0,1.0,0.25,1.0,4.0,2.0,1.0,0.5,1.0,1.0
remoraid,300,2,water,,0,0,0,0,1.0,1.0,1.0,1.0,1.0,1.0,1.0,1.0,0.5,0.5,0.5,2.0,2.0,1.0,0.5,1.0,1.0
octillery,480,2,water,,0,0,0,0,1.0,1.0,1.0,1.0,1.0,1.0,1.0,1.0,0.5,0.5,0.5,2.0,2.0,1.0,0.5,1.0,1.0
chinchou,330,2,water,electric,0,0,0,0,1.0,1.0,0.5,1.0,2.0,1.0,1.0,1.0,0.25,0.5,0.5,2.0,1.0,1.0,0.5,1.0,1.0
lanturn,460,2,water,electric,0,0,0,0,1.0,1.0,0.5,1.0,2.0,1.0,1.0,1.0,0.25,0.5,0.5,2.0,1.0,1.0,0.5,1.0,1.0
seel,325,1,water,,0,0,0,0,1.0,1.0,1.0,1.0,1.0,1.0,1.0,1.0,0.5,0.5,0.5,2.0,2.0,1.0,0.5,1.0,1.0
dewgong,475,1,water,ice,0,0,0,0,1.0,2.0,1.0,1.0,1.0,2.0,1.0,1.0,1.0,1.0,0.5,2.0,2.0,1.0,0.25,1.0,1.0
lickitung,385,1,normal,,0,0,0,0,1.0,2.0,1.0,1.0,1.0,1.0,1.0,0.0,1.0,1.0,1.0,1.0,1.0,1.0,1.0,1.0,1.0
lickilicky,515,4,normal,,0,0,0,0,1.0,2.0,1.0,1.0,1.0,1.0,1.0,0.0,1.0,1.0,1.0,1.0,1.0,1.0,1.0,1.0,1.0
tangela,435,1,grass,,0,0,0,0,1.0,1.0,2.0,2.0,0.5,1.0,2.0,1.0,1.0,2.0,0.5,0.5,0.5,1.0,2.0,1.0,1.0
tangrowth,535,4,grass,,0,0,0,0,1.0,1.0,2.0,2.0,0.5,1.0,2.0,1.0,1.0,2.0,0.5,0.5,0.5,1.0,2.0,1.0,1.0
eevee,325,1,normal,,0,0,0,0,1.0,2.0,1.0,1.0,1.0,1.0,1.0,0.0,1.0,1.0,1.0,1.0,1.0,1.0,1.0,1.0,1.0
vaporeon,525,1,water,,0,0,0,0,1.0,1.0,1.0,1.0,1.0,1.0,1.0,1.0,0.5,0.5,0.5,2.0,2.0,1.0,0.5,1.0,1.0
jolteon,525,1,electric,,0,0,0,0,1.0,1.0,0.5,1.0,2.0,1.0,1.0,1.0,0.5,1.0,1.0,1.0,0.5,1.0,1.0,1.0,1.0
flareon,525,1,fire,,0,0,0,0,1.0,1.0,1.0,1.0,2.0,2.0,0.5,1.0,0.5,0.5,2.0,0.5,1.0,1.0,0.5,1.0,1.0
espeon,525,2,psychic,,0,0,0,0,1.0,0.5,1.0,1.0,1.0,1.0,2.0,2.0,1.0,1.0,1.0,1.0,1.0,0.5,1.0,1.0,2.0
umbreon,525,2,dark,,0,0,0,0,1.0,2.0,1.0,1.0,1.0,1.0,2.0,0.5,1.0,1.0,1.0,1.0,1.0,0.0,1.0,1.0,0.5
horsea,295,1,water,,0,0,0,0,1.0,1.0,1.0,1.0,1.0,1.0,1.0,1.0,0.5,0.5,0.5,2.0,2.0,1.0,0.5,1.0,1.0
seadra,440,1,water,,0,0,0,0,1.0,1.0,1.0,1.0,1.0,1.0,1.0,1.0,0.5,0.5,0.5,2.0,2.0,1.0,0.5,1.0,1.0
kingdra,540,2,water,dragon,0,0,0,0,1.0,1.0,1.0,1.0,1.0,1.0,1.0,1.0,0.5,0.25,0.25,1.0,1.0,1.0,1.0,2.0,1.0
gligar,430,2,ground,flying,0,0,0,0,1.0,0.5,1.0,0.5,0.0,1.0,0.5,1.0,1.0,1.0,2.0,1.0,0.0,1.0,4.0,1.0,1.0
delibird,330,2,ice,flying,0,0,0,0,1.0,1.0,1.0,1.0,0.0,4.0,0.5,1.0,2.0,2.0,1.0,0.5,2.0,1.0,1.0,1.0,1.0
swinub,250,2,ice,ground,0,0,0,0,1.0,2.0,1.0,0.5,1.0,1.0,1.0,1.0,2.0,2.0,2.0,2.0,0.0,1.0,1.0,1.0,1.0
piloswine,450,2,ice,ground,0,0,0,0,1.0,2.0,1.0,0.5,1.0,1.0,1.0,1.0,2.0,2.0,2.0,2.0,0.0,1.0,1.0,1.0,1.0
mamoswine,530,4,ice,ground,0,0,0,0,1.0,2.0,1.0,0.5,1.0,1.0,1.0,1.0,2.0,2.0,2.0,2.0,0.0,1.0,1.0,1.0,1.0
teddiursa,330,2,normal,,0,0,0,0,1.0,2.0,1.0,1.0,1.0,1.0,1.0,0.0,1.0,1.0,1.0,1.0,1.0,1.0,1.0,1.0,1.0
ursaring,500,2,normal,,0,0,0,0,1.0,2.0,1.0,1.0,1.0,1.0,1.0,0.0,1.0,1.0,1.0,1.0,1.0,1.0,1.0,1.0,1.0
phanpy,330,2,ground,,0,0,0,0,1.0,1.0,1.0,0.5,1.0,0.5,1.0,1.0,1.0,1.0,2.0,2.0,0.0,1.0,2.0,1.0,1.0
donphan,500,2,ground,,0,0,0,0,1.0,1.0,1.0,0.5,1.0,0.5,1.0,1.0,1.0,1.0,2.0,2.0,0.0,1.0,2.0,1.0,1.0
mantine,485,2,water,flying,0,0,0,0,1.0,0.5,1.0,1.0,0.0,2.0,0.5,1.0,0.5,0.5,0.5,1.0,4.0,1.0,1.0,1.0,1.0
skarmory,465,2,steel,flying,0,0,0,0,0.5,1.0,0.5,0.0,0.0,1.0,0.25,0.5,0.5,2.0,1.0,0.25,2.0,0.5,1.0,0.5,0.5
doduo,310,1,normal,flying,0,0,0,0,1.0,1.0,1.0,1.0,0.0,2.0,0.5,0.0,1.0,1.0,1.0,0.5,2.0,1.0,2.0,1.0,1.0
dodrio,470,1,normal,flying,0,0,0,0,1.0,1.0,1.0,1.0,0.0,2.0,0.5,0.0,1.0,1.0,1.0,0.5,2.0,1.0,2.0,1.0,1.0
ponyta,410,1,fire,,0,0,0,0,1.0,1.0,1.0,1.0,2.0,2.0,0.5,1.0,0.5,0.5,2.0,0.5,1.0,1.0,0.5,1.0,1.0
rapidash,500,1,fire,,0,0,0,0,1.0,1.0,1.0,1.0,2.0,2.0,0.5,1.0,0.5,0.5,2.0,0.5,1.0,1.0,0.5,1.0,1.0
cubone,320,1,ground,,0,0,0,0,1.0,1.0,1.0,0.5,1.0,0.5,1.0,1.0,1.0,1.0,2.0,2.0,0.0,1.0,2.0,1.0,1.0
marowak,425,1,ground,,0,0,0,0,1.0,1.0,1.0,0.5,1.0,0.5,1.0,1.0,1.0,1.0,2.0,2.0,0.0,1.0,2.0,1.0,1.0
kangaskhan,490,1,normal,,0,0,0,0,1.0,2.0,1.0,1.0,1.0,1.0,1.0,0.0,1.0,1.0,1.0,1.0,1.0,1.0,1.0,1.0,1.0
rhyhorn,345,1,ground,rock,0,0,0,0,0.5,2.0,0.5,0.25,2.0,0.5,1.0,1.0,2.0,0.5,4.0,4.0,0.0,1.0,2.0,1.0,1.0
rhydon,485,1,ground,rock,0,0,0,0,0.5,2.0,0.5,0.25,2.0,0.5,1.0,1.0,2.0,0.5,4.0,4.0,0.0,1.0,2.0,1.0,1.0
murkrow,405,2,dark,flying,0,0,0,0,1.0,1.0,1.0,1.0,0.0,2.0,1.0,0.5,1.0,1.0,1.0,0.5,2.0,0.0,2.0,1.0,0.5
houndour,330,2,dark,fire,0,0,0,0,1.0,2.0,1.0,1.0,2.0,2.0,1.0,0.5,0.5,0.5,2.0,0.5,1.0,0.0,0.5,1.0,0.5
houndoom,500,2,dark,fire,0,0,0,0,1.0,2.0,1.0,1.0,2.0,2.0,1.0,0.5,0.5,0.5,2.0,0.5,1.0,0.0,0.5,1.0,0.5
slugma,250,2,fire,,0,0,0,0,1.0,1.0,1.0,1.0,2.0,2.0,0.5,1.0,0.5,0.5,2.0,0.5,1.0,1.0,0.5,1.0,1.0
magcargo,430,2,fire,rock,0,0,0,0,0.5,2.0,0.5,0.5,4.0,2.0,0.5,1.0,1.0,0.25,4.0,1.0,1.0,1.0,0.5,1.0,1.0
sneasel,430,2,dark,ice,0,0,0,0,1.0,4.0,1.0,1.0,1.0,2.0,2.0,0.5,2.0,2.0,1.0,1.0,1.0,0.0,0.5,1.0,0.5
misdreavus,435,2,ghost,,0,0,0,0,0.0,0.0,1.0,0.5,1.0,1.0,0.5,2.0,1.0,1.0,1.0,1.0,1.0,1.0,1.0,1.0,2.0
porygon,395,1,normal,,0,0,0,0,1.0,2.0,1.0,1.0,1.0,1.0,1.0,0.0,1.0,1.0,1.0,1.0,1.0,1.0,1.0,1.0,1.0
porygon2,515,2,normal,,0,0,0,0,1.0,2.0,1.0,1.0,1.0,1.0,1.0,0.0,1.0,1.0,1.0,1.0,1.0,1.0,1.0,1.0,1.0
chansey,450,1,normal,,0,0,0,0,1.0,2.0,1.0,1.0,1.0,1.0,1.0,0.0,1.0,1.0,1.0,1.0,1.0,1.0,1.0,1.0,1.0
blissey,540,2,normal,,0,0,0,0,1.0,2.0,1.0,1.0,1.0,1.0,1.0,0.0,1.0,1.0,1.0,1.0,1.0,1.0,1.0,1.0,1.0
lapras,535,1,water,ice,0,0,0,0,1.0,2.0,1.0,1.0,1.0,2.0,1.0,1.0,1.0,1.0,0.5,2.0,2.0,1.0,0.25,1.0,1.0
omanyte,355,1,rock,water,0,0,0,1,0.5,2.0,0.5,0.5,2.0,1.0,1.0,1.0,1.0,0.25,1.0,4.0,2.0,1.0,0.5,1.0,1.0
omastar,495,1,rock,water,0,0,0,1,0.5,2.0,0.5,0.5,2.0,1.0,1.0,1.0,1.0,0.25,1.0,4.0,2.0,1.0,0.5,1.0,1.0
kabuto,355,1,rock,water,0,0,0,1,0.5,2.0,0.5,0.5,2.0,1.0,1.0,1.0,1.0,0.25,1.0,4.0,2.0,1.0,0.5,1.0,1.0
kabutops,495,1,rock,water,0,0,0,1,0.5,2.0,0.5,0.5,2.0,1.0,1.0,1.0,1.0,0.25,1.0,4.0,2.0,1.0,0.5,1.0,1.0
aerodactyl,515,1,rock,flying,0,0,0,1,0.5,1.0,0.5,0.5,0.0,2.0,0.5,1.0,2.0,0.5,2.0,1.0,2.0,1.0,2.0,1.0,1.0
snorlax,540,1,normal,,0,0,0,0,1.0,2.0,1.0,1.0,1.0,1.0,1.0,0.0,1.0,1.0,1.0,1.0,1.0,1.0,1.0,1.0,1.0
bulbasaur,318,1,grass,poison,0,0,0,0,1.0,0.5,2.0,1.0,1.0,1.0,1.0,1.0,1.0,2.0,0.5,0.25,0.5,2.0,2.0,1.0,1.0
ivysaur,405,1,grass,poison,0,0,0,0,1.0,0.5,2.0,1.0,1.0,1.0,1.0,1.0,1.0,2.0,0.5,0.25,0.5,2.0,2.0,1.0,1.0
venusaur,525,1,grass,poison,1,0,0,0,1.0,0.5,2.0,1.0,1.0,1.0,1.0,1.0,1.0,2.0,0.5,0.25,0.5,2.0,2.0,1.0,1.0
charmander,309,1,fire,,0,0,0,0,1.0,1.0,1.0,1.0,2.0,2.0,0.5,1.0,0.5,0.5,2.0,0.5,1.0,1.0,0.5,1.0,1.0
charmeleon,405,1,fire,,0,0,0,0,1.0,1.0,1.0,1.0,2.0,2.0,0.5,1.0,0.5,0.5,2.0,0.5,1.0,1.0,0.5,1.0,1.0
charizard,534,1,fire,flying,1,0,0,0,1.0,0.5,1.0,1.0,0.0,4.0,0.25,1.0,0.5,0.5,2.0,0.25,2.0,1.0,1.0,1.0,1.0
squirtle,314,1,water,,0,0,0,0,1.0,1.0,1.0,1.0,1.0,1.0,1.0,1.0,0.5,0.5,0.5,2.0,2.0,1.0,0.5,1.0,1.0
wartortle,405,1,water,,0,0,0,0,1.0,1.0,1.0,1.0,1.0,1.0,1.0,1.0,0.5,0.5,0.5,2.0,2.0,1.0,0.5,1.0,1.0
blastoise,530,1,water,,1,0,0,0,1.0,1.0,1.0,1.0,1.0,1.0,1.0,1.0,0.5,0.5,0.5,2.0,2.0,1.0,0.5,1.0,1.0
articuno,580,1,ice,flying,0,1,0,0,1.0,1.0,1.0,1.0,0.0,4.0,0.5,1.0,2.0,2.0,1.0,0.5,2.0,1.0,1.0,1.0,1.0
zapdos,580,1,electric,flying,0,1,0,0,1.0,0.5,0.5,1.0,0.0,2.0,0.5,1.0,0.5,1.0,1.0,0.5,1.0,1.0,2.0,1.0,1.0
moltres,580,1,fire,flying,0,1,0,0,1.0,0.5,1.0,1.0,0.0,4.0,0.25,1.0,0.5,0.5,2.0,0.25,2.0,1.0,1.0,1.0,1.0
raikou,580,2,electric,,0,1,0,0,1.0,1.0,0.5,1.0,2.0,1.0,1.0,1.0,0.5,1.0,1.0,1.0,0.5,1.0,1.0,1.0,1.0
entei,580,2,fire,,0,1,0,0,1.0,1.0,1.0,1.0,2.0,2.0,0.5,1.0,0.5,0.5,2.0,0.5,1.0,1.0,0.5,1.0,1.0
suicune,580,2,water,,0,1,0,0,1.0,1.0,1.0,1.0,1.0,1.0,1.0,1.0,0.5,0.5,0.5,2.0,2.0,1.0,0.5,1.0,1.0
dratini,300,1,dragon,,0,0,0,0,1.0,1.0,1.0,1.0,1.0,1.0,1.0,1.0,1.0,0.5,0.5,0.5,0.5,1.0,2.0,2.0,1.0
dragonair,420,1,dragon,,0,0,0,0,1.0,1.0,1.0,1.0,1.0,1.0,1.0,1.0,1.0,0.5,0.5,0.5,0.5,1.0,2.0,2.0,1.0
dragonite,600,1,dragon,flying,0,0,1,0,1.0,0.5,1.0,1.0,0.0,2.0,0.5,1.0,1.0,0.5,0.5,0.25,1.0,1.0,4.0,2.0,1.0
larvitar,300,2,rock,ground,0,0,0,0,0.5,2.0,0.5,0.25,2.0,0.5,1.0,1.0,2.0,0.5,4.0,4.0,0.0,1.0,2.0,1.0,1.0
pupitar,410,2,rock,ground,0,0,0,0,0.5,2.0,0.5,0.25,2.0,0.5,1.0,1.0,2.0,0.5,4.0,4.0,0.0,1.0,2.0,1.0,1.0
tyranitar,600,2,rock,dark,0,0,1,0,0.5,4.0,0.5,0.5,2.0,1.0,2.0,0.5,2.0,0.5,2.0,2.0,1.0,0.0,1.0,1.0,0.5
lugia,680,2,psychic,flying,0,1,0,0,1.0,0.25,1.0,1.0,0.0,2.0,1.0,2.0,1.0,1.0,1.0,0.5,2.0,0.5,2.0,1.0,2.0
ho-oh,680,2,fire,flying,0,1,0,0,1.0,0.5,1.0,1.0,0.0,4.0,0.25,1.0,0.5,0.5,2.0,0.25,2.0,1.0,1.0,1.0,1.0
mewtwo,680,1,psychic,,0,1,0,0,1.0,0.5,1.0,1.0,1.0,1.0,2.0,2.0,1.0,1.0,1.0,1.0,1.0,0.5,1.0,1.0,2.0
mew,600,1,psychic,,0,1,0,0,1.0,0.5,1.0,1.0,1.0,1.0,2.0,2.0,1.0,1.0,1.0,1.0,1.0,0.5,1.0,1.0,2.0
celebi,600,2,psychic,grass,0,1,0,0,1.0,0.5,2.0,2.0,0.5,1.0,4.0,2.0,1.0,2.0,0.5,0.5,0.5,0.5,2.0,1.0,2.0
